dimension,k,seed,significance_level,number_of_ot_points,number_of_monte_carlo_samples,hdr_log_volume,ot_log_volume,log_volume_ratio,log_volume_mc_standard_error,log_inclusion_fraction,log_bounding_box_volume,number_inside,number_of_source_region_points,mean_squared_transport_cost,ot_backend,regularization,solver_converged,sinkhorn_compute_backend
2,1.0,0,0.1,100,10000,2.6719095116573017,2.811687424443111,-0.1397779127858092,0.007444750389491094,-0.44098866417721183,3.2526760886203228,6434,89,0.5740137556342193,lazy_exact,,True,
2,1.0,1,0.1,100,10000,2.6719095116573017,2.5196608752607856,0.1522486363965161,0.0025510028017416125,-0.0630463017176357,2.5827071769784213,9389,90,0.5972168217779504,lazy_exact,,True,
2,1.0,2,0.1,100,10000,2.6719095116573017,2.9549985093419995,-0.28308899768469775,0.004659799277722809,-0.19650162036778873,3.151500129709788,8216,92,0.4889699736526482,lazy_exact,,True,
2,1.0,3,0.1,100,10000,2.6719095116573017,2.9292671113943074,-0.25735759973700567,0.00520548769915655,-0.23978119246723395,3.1690483038615413,7868,93,0.6751713896518672,lazy_exact,,True,
2,1.0,4,0.1,100,10000,2.6719095116573017,2.673381882335637,-0.0014723706783352775,0.002453987079619223,-0.058476929758976226,2.7318588120946132,9432,91,0.40694808486225736,lazy_exact,,True,
2,1.0,5,0.1,100,10000,2.6719095116573017,2.5748856667680844,0.09702384488921734,0.00640343252564959,-0.3436177047820852,2.9185033715501696,7092,85,0.6228603266718423,lazy_exact,,True,
2,1.0,6,0.1,100,10000,2.6719095116573017,2.7114171548997565,-0.039507643242454815,0.003836452320890006,-0.13730995096460674,2.8487271058643633,8717,91,0.5319638602263776,lazy_exact,,True,
2,1.0,7,0.1,100,10000,2.6719095116573017,2.4369963131927475,0.23491319846455427,0.004659799277722809,-0.19650162036778873,2.633497933560536,8216,88,0.44044850434233834,lazy_exact,,True,
2,1.0,8,0.1,100,10000,2.6719095116573017,2.7284702793031617,-0.05656076764585993,0.0032868410517886307,-0.10258658877510207,2.8310568680782637,9025,92,0.5517340696457123,lazy_exact,,True,
2,1.0,9,0.1,100,10000,2.6719095116573017,2.334491222252492,0.3374182894048099,0.005115373414307324,-0.23243659822580298,2.566927820478295,7926,88,0.4519977365891602,lazy_exact,,True,
4,1.0,0,0.1,100,10000,5.699281390810998,6.111375432710358,-0.41209404189936016,0.003886037716548606,-0.1406423298024677,6.252017762512826,8688,91,1.7513571668201797,lazy_exact,,True,
4,1.0,1,0.1,100,10000,5.699281390810998,6.267710178292194,-0.5684287874811957,0.003877510245136542,-0.14006698889711977,6.407777167189313,8693,90,1.9583369543886684,lazy_exact,,True,
4,1.0,2,0.1,100,10000,5.699281390810998,6.189373248397827,-0.4900918575868296,0.003359199294120329,-0.10691728234607822,6.296290530743906,8986,88,1.6044349305813728,lazy_exact,,True,
4,1.0,3,0.1,100,10000,5.699281390810998,6.223909878108859,-0.5246284872978615,0.004675687345937314,-0.1977194989740525,6.421629377082912,8206,86,1.9327750779428625,lazy_exact,,True,
4,1.0,4,0.1,100,10000,5.699281390810998,5.974699133132348,-0.2754177423213502,0.00358703459082237,-0.12103832837705752,6.0957374615094055,8860,91,1.7756268802876116,lazy_exact,,True,
4,1.0,5,0.1,100,10000,5.699281390810998,6.077303678615857,-0.3780222878048596,0.0046056618647183824,-0.1923718926474578,6.269675571263315,8250,85,1.861679208303014,lazy_exact,,True,
4,1.0,6,0.1,100,10000,5.699281390810998,6.115893371095723,-0.416611980284725,0.002584191490235107,-0.06464519349353282,6.180538564589256,9374,92,1.8179818280361095,lazy_exact,,True,
4,1.0,7,0.1,100,10000,5.699281390810998,5.738021939485307,-0.038740548674309316,0.0032943065100088527,-0.10302990031954451,5.841051839804852,9021,92,1.5457909302163986,lazy_exact,,True,
4,1.0,8,0.1,100,10000,5.699281390810998,5.99254437295832,-0.29326298214732205,0.0038450234971059154,-0.13788370736338784,6.130428080321708,8712,87,1.6421805954567454,lazy_exact,,True,
4,1.0,9,0.1,100,10000,5.699281390810998,6.104223045023524,-0.4049416542125259,0.002356276120134709,-0.05403388849248714,6.158256933516011,9474,96,1.826774246330851,lazy_exact,,True,
8,1.0,0,0.1,100,10000,11.770395261149256,12.370181309720808,-0.599786048571552,0.004012924666552619,-0.14931240318700922,12.519493712907817,8613,86,4.828751024133827,lazy_exact,,True,
8,1.0,1,0.1,100,10000,11.770395261149256,12.502059231357222,-0.7316639702079666,0.00411481614173245,-0.15641991927130228,12.658479150628525,8552,87,4.9135499651261245,lazy_exact,,True,
8,1.0,2,0.1,100,10000,11.770395261149256,12.240766005918827,-0.4703707447695713,0.003377602647365993,-0.10803074421370518,12.348796750132532,8976,89,4.786266038602259,lazy_exact,,True,
8,1.0,3,0.1,100,10000,11.770395261149256,12.367328667772545,-0.5969334066232896,0.0038587181657064487,-0.13880240288045975,12.506131070653005,8704,91,5.190358484633098,lazy_exact,,True,
8,1.0,4,0.1,100,10000,11.770395261149256,12.831341426588347,-1.0609461654390913,0.002334922102630113,-0.05308437109245645,12.884425797680803,9483,93,5.433369095400804,lazy_exact,,True,
8,1.0,5,0.1,100,10000,11.770395261149256,12.560101764112103,-0.7897065029628472,0.0043220684097129685,-0.171262929437221,12.731364693549324,8426,87,5.759635212583925,lazy_exact,,True,
8,1.0,6,0.1,100,10000,11.770395261149256,11.800639665394293,-0.03024440424503716,0.003715438587389856,-0.1293117364803411,11.929951401874634,8787,85,5.105730168865619,lazy_exact,,True,
8,1.0,7,0.1,100,10000,11.770395261149256,11.787041009043607,-0.01664574789435136,0.002497209746413398,-0.060493380428964016,11.847534389472571,9413,90,4.706572103739188,lazy_exact,,True,
8,1.0,8,0.1,100,10000,11.770395261149256,12.164491109712525,-0.3940958485632695,0.0032134975707546827,-0.09827456926834088,12.262765678980866,9064,91,4.8074704799655015,lazy_exact,,True,
8,1.0,9,0.1,100,10000,11.770395261149256,12.301037488340485,-0.5306422271912297,0.0024148094955895416,-0.05667617719355711,12.357713665534042,9449,94,5.255784466346017,lazy_exact,,True,
16,1.0,0,0.1,100,10000,23.823466528715954,25.424234228749764,-1.6007677000338099,0.0028145040764995972,-0.07623330599959033,25.500467534749355,9266,92,12.537994872877837,lazy_exact,,True,
16,1.0,1,0.1,100,10000,23.823466528715954,25.12742851660021,-1.3039619878842572,0.0032849730719314687,-0.10247579158923692,25.229904308189447,9026,89,12.135719658853342,lazy_exact,,True,
16,1.0,2,0.1,100,10000,23.823466528715954,24.789327054154786,-0.9658605254388313,0.003762346494084843,-0.13238918804574595,24.92171624220053,8760,85,12.748761542681073,lazy_exact,,True,
16,1.0,3,0.1,100,10000,23.823466528715954,25.393822257846786,-1.5703557291308314,0.004009564884494521,-0.14908022301415436,25.54290248086094,8615,89,13.46373640086905,lazy_exact,,True,
16,1.0,4,0.1,100,10000,23.823466528715954,25.70751291599459,-1.8840463872786373,0.0032756234186587913,-0.10192198972538513,25.809434905719975,9031,90,13.369775620243665,lazy_exact,,True,
16,1.0,5,0.1,100,10000,23.823466528715954,26.14782146896794,-2.324354940251986,0.002681906998273777,-0.06945726501522209,26.217278733983164,9329,95,13.594778436863049,lazy_exact,,True,
16,1.0,6,0.1,100,10000,23.823466528715954,24.92414514663743,-1.1006786179214743,0.002932783035552227,-0.08251242157446548,25.006657568211892,9208,89,13.01733547853598,lazy_exact,,True,
16,1.0,7,0.1,100,10000,23.823466528715954,24.538289327176543,-0.7148227984605882,0.003102431662230719,-0.09189601470453823,24.63018534188108,9122,87,12.732119968690276,lazy_exact,,True,
16,1.0,8,0.1,100,10000,23.823466528715954,24.549269749560345,-0.7258032208443908,0.002754037575876254,-0.07310847182063895,24.622378221380984,9295,90,12.373092215673497,lazy_exact,,True,
16,1.0,9,0.1,100,10000,23.823466528715954,24.989059680136393,-1.1655931514204383,0.0028638589257035624,-0.07882678054597214,25.067886460682367,9242,93,12.779836472626808,lazy_exact,,True,
32,1.0,0,0.1,100,10000,47.66775554750603,51.97416253987154,-4.30640699236551,0.0036471370803475615,-0.12488318214669114,52.09904572201823,8826,87,29.54037678228613,lazy_exact,,True,
32,1.0,1,0.1,100,10000,47.66775554750603,51.44737378604339,-3.77961823853736,0.0030243139005188308,-0.0875205975294957,51.53489438357289,9162,88,28.19838979811092,lazy_exact,,True,
32,1.0,2,0.1,100,10000,47.66775554750603,50.31809498208049,-2.6503394345744553,0.0026344703790634584,-0.06710180354073714,50.385196785621226,9351,88,28.508130421721525,lazy_exact,,True,
32,1.0,3,0.1,100,10000,47.66775554750603,50.76231005106582,-3.0945545035597846,0.0030400430064917903,-0.08839415076259627,50.850704201828414,9154,91,29.4690402085229,lazy_exact,,True,
32,1.0,4,0.1,100,10000,47.66775554750603,51.377489323680024,-3.709733776173991,0.003069391153427826,-0.09003412270398137,51.46752344638401,9139,90,28.72879712096572,lazy_exact,,True,
32,1.0,5,0.1,100,10000,47.66775554750603,52.16405798037511,-4.496302432869079,0.0026170636850190838,-0.06624664581892681,52.23030462619404,9359,92,30.059075861607013,lazy_exact,,True,
32,1.0,6,0.1,100,10000,47.66775554750603,50.93311171759274,-3.2653561700867044,0.0023062065672682067,-0.05181974872979822,50.984931466322536,9495,94,28.681744284210865,lazy_exact,,True,
32,1.0,7,0.1,100,10000,47.66775554750603,50.38064415518941,-2.712888607683375,0.0026668808825698652,-0.06870719800979153,50.4493513531992,9336,91,29.12376680137394,lazy_exact,,True,
32,1.0,8,0.1,100,10000,47.66775554750603,50.19340822749033,-2.5256526799842973,0.0028761048680081176,-0.07947620150179802,50.27288442899213,9236,91,28.950085077936535,lazy_exact,,True,
32,1.0,9,0.1,100,10000,47.66775554750603,50.34633826562614,-2.6785827181201043,0.004756485778273799,-0.2039538569210695,50.550292122547205,8155,85,28.485193331885455,lazy_exact,,True,
64,1.0,0,0.1,100,10000,94.83882393355213,102.30820483903297,-7.469380905480833,0.0043367241039092615,-0.17233162276460767,102.48053646179757,8417,84,61.80722146057042,lazy_exact,,True,
64,1.0,1,0.1,100,10000,94.83882393355213,102.65420004581965,-7.815376112267515,0.0021908519621983333,-0.04688198590013215,102.70108203171978,9542,90,60.77343616012481,lazy_exact,,True,
64,1.0,2,0.1,100,10000,94.83882393355213,100.63310019561703,-5.794276262064898,0.005067100338843807,-0.2285330485986492,100.86163324421568,7957,82,59.982698890308725,lazy_exact,,True,
64,1.0,3,0.1,100,10000,94.83882393355213,103.6274925720758,-8.78866863852366,0.0015781380253116356,-0.024600116868233712,103.65209268894402,9757,95,62.128284248401734,lazy_exact,,True,
64,1.0,4,0.1,100,10000,94.83882393355213,101.0608309019674,-6.222006968415272,0.0033794397188543655,-0.10814215861970311,101.1689730605871,8975,90,61.09451887749356,lazy_exact,,True,
64,1.0,5,0.1,100,10000,94.83882393355213,101.2210755088229,-6.382251575270772,0.0038911499307447447,-0.14098769330097838,101.36206320212389,8685,81,61.010102993181775,lazy_exact,,True,
64,1.0,6,0.1,100,10000,94.83882393355213,102.02618533256653,-7.187361399014392,0.002880178802237256,-0.07969276890924881,102.10587810147578,9234,93,60.79840058105284,lazy_exact,,True,
64,1.0,7,0.1,100,10000,94.83882393355213,100.3309370475087,-5.492113113956563,0.0037554159885316587,-0.1319326712608273,100.46286971876953,8764,90,59.30568625450438,lazy_exact,,True,
64,1.0,8,0.1,100,10000,94.83882393355213,101.08822469471741,-6.249400761165276,0.0025885924604238187,-0.06485857234849668,101.15308326706591,9372,90,60.70944873372691,lazy_exact,,True,
64,1.0,9,0.1,100,10000,94.83882393355213,101.94122831293596,-7.102404379383827,0.0032474755923255815,-0.1002624219383943,102.04149073487436,9046,92,60.03898967703694,lazy_exact,,True,
